"ID026","signal"
"ID032","background"
"ID054","background"
"ID055","background"
"ID062","background"
"ID065","background"
"ID066","signal"
"ID104","background"
"ID124","background"
"ID129","background"
"ID133","background"
"ID160","background"
"ID164","background"
"ID169","background"
"ID177","background"
"ID183","background"
"ID195","background"
"ID202","signal"
"ID221","background"
"ID228","background"
"ID239","background"
"ID283","background"
"ID314","background"
"ID318","background"
"ID363","background"
"ID369","background"
"ID373","background"
"ID389","background"
"ID397","background"
"ID417","signal"
"ID434","background"
"ID449","signal"
"ID487","background"
"ID522","background"
"ID534","signal"
"ID541","background"
"ID554","background"
"ID559","background"
"ID565","background"
"ID591","signal"
"ID595","background"
"ID660","background"
"ID662","signal"
"ID668","background"
"ID675","background"
"ID678","background"
"ID681","background"
"ID708","background"
"ID735","background"
"ID760","background"
"ID768","background"
"ID845","background"
"ID849","background"
"ID867","background"
"ID909","background"
"ID924","background"
"ID939","background"
"ID980","signal"
"ID1010","background"
"ID1041","background"
"ID1087","signal"
"ID1104","background"
"ID1106","background"
"ID1137","background"
"ID1147","background"
"ID1161","signal"
"ID1175","background"
"ID1183","background"
"ID1185","background"
"ID1209","signal"
"ID1253","background"
"ID1259","background"
"ID1268","background"
"ID1284","background"
"ID1303","signal"
"ID1324","background"
"ID1340","background"
"ID1342","background"
"ID1346","background"
"ID1353","background"
"ID1370","background"
"ID1517","background"
"ID1523","background"
"ID1618","background"
"ID1669","signal"
"ID1674","background"
"ID1698","background"
"ID1713","background"
"ID1734","background"
"ID1743","background"
"ID1744","background"
"ID1755","background"
"ID1789","background"
"ID1791","background"
"ID1803","background"
"ID1821","signal"
"ID1889","background"
"ID1908","signal"
"ID1932","background"
"ID2000","background"
"ID2009","background"
"ID2034","background"
"ID2057","background"
"ID2059","background"
"ID2097","background"
"ID2127","signal"
"ID2162","background"
"ID2170","background"
"ID2304","signal"
"ID2320","background"
"ID2327","background"
"ID2330","background"
"ID2358","background"
"ID2389","background"
"ID2397","background"
"ID2413","background"
"ID2445","background"
"ID2494","background"
"ID2552","background"
"ID2560","signal"
"ID2564","background"
"ID2572","background"
"ID2573","signal"
"ID2577","background"
"ID2579","signal"
"ID2585","background"
"ID2599","signal"
"ID2603","background"
"ID2609","background"
"ID2677","background"
"ID2703","background"
"ID2710","background"
"ID2714","background"
"ID2774","background"
"ID2777","background"
"ID2801","background"
"ID2818","background"
"ID2870","background"
"ID2905","background"
"ID2906","background"
"ID2927","background"
"ID2961","signal"
"ID2965","background"
"ID2968","background"
"ID2972","background"
"ID2973","background"
"ID2985","background"
"ID3018","background"
"ID3030","background"
"ID3037","background"
"ID3068","background"
"ID3095","background"
"ID3106","background"
"ID3116","background"
"ID3137","background"
"ID3156","background"
"ID3185","background"
"ID3188","background"
"ID3196","background"
"ID3241","background"
"ID3257","background"
"ID3286","background"
"ID3290","signal"
"ID3302","background"
"ID3311","signal"
"ID3312","background"
"ID3314","background"
"ID3319","background"
"ID3352","signal"
"ID3370","background"
"ID3375","signal"
"ID3384","signal"
"ID3416","background"
"ID3417","background"
"ID3438","background"
"ID3449","background"
"ID3457","signal"
"ID3482","background"
"ID3488","background"
"ID3506","background"
"ID3514","background"
"ID3521","background"
"ID3531","background"
"ID3579","signal"
"ID3583","background"
"ID3586","background"
"ID3593","background"
"ID3607","background"
"ID3665","background"
"ID3667","background"
"ID3707","signal"
"ID3724","background"
"ID3740","background"
"ID3755","signal"
"ID3766","background"
"ID3802","background"
"ID3859","background"
"ID3862","background"
"ID3863","background"
"ID3870","background"
"ID3887","background"
"ID3964","background"
"ID3966","background"
"ID4023","background"
"ID4054","background"
"ID4058","background"
"ID4065","background"
"ID4084","background"
"ID4089","signal"
"ID4114","background"
"ID4172","signal"
"ID4187","background"
"ID4237","background"
"ID4240","background"
"ID4247","background"
"ID4249","background"
"ID4255","background"
"ID4261","background"
"ID4272","background"
"ID4285","signal"
"ID4288","background"
"ID4290","background"
"ID4313","background"
"ID4314","background"
"ID4355","signal"
"ID4361","background"
"ID4384","background"
"ID4459","background"
"ID4472","signal"
"ID4496","signal"
"ID4552","background"
"ID4563","background"
"ID4565","background"
"ID4597","background"
"ID4607","background"
"ID4611","background"
"ID4627","signal"
"ID4661","background"
"ID4663","background"
"ID4701","background"
"ID4709","background"
"ID4743","signal"
"ID4751","background"
"ID4769","signal"
"ID4782","background"
"ID4789","background"
"ID4798","background"
"ID4806","background"
"ID4832","background"
"ID4920","background"
"ID4927","background"
"ID4955","background"
"ID4979","background"
"ID5002","background"
"ID5027","background"
"ID5043","background"
"ID5045","background"
"ID5063","background"
"ID5068","background"
"ID5078","background"
"ID5124","background"
"ID5162","signal"
"ID5165","background"
"ID5185","signal"
"ID5197","background"
"ID5206","background"
"ID5211","background"
"ID5212","background"
"ID5224","background"
"ID5258","background"
"ID5326","background"
"ID5351","background"
"ID5410","background"
"ID5427","signal"
"ID5452","background"
"ID5493","signal"
"ID5503","background"
"ID5520","background"
"ID5539","signal"
"ID5638","background"
"ID5650","background"
"ID5670","background"
"ID5715","background"
"ID5751","background"
"ID5762","background"
"ID5768","background"
"ID5779","signal"
"ID5821","background"
"ID5874","signal"
"ID5881","background"
"ID5896","background"
"ID5905","background"
"ID5910","background"
"ID5941","background"
"ID5952","background"
"ID5953","background"
"ID5956","background"
"ID5996","background"
"ID6015","signal"
"ID6036","background"
"ID6077","background"
"ID6092","background"
"ID6110","background"
"ID6111","background"
"ID6153","background"
"ID6196","background"
"ID6244","background"
"ID6251","background"
"ID6261","signal"
"ID6280","background"
"ID6330","signal"
"ID6344","background"
"ID6373","background"
"ID6385","background"
"ID6403","background"
"ID6406","background"
"ID6407","background"
"ID6493","background"
"ID6500","background"
"ID6590","background"
"ID6598","background"
"ID6604","background"
"ID6643","background"
"ID6651","background"
"ID6677","background"
"ID6701","background"
"ID6724","signal"
"ID6744","background"
"ID6767","background"
"ID6773","background"
"ID6876","signal"
"ID6974","signal"
"ID6977","background"
"ID6978","background"
"ID7015","background"
"ID7046","signal"
"ID7059","signal"
"ID7198","background"
"ID7200","background"
"ID7216","signal"
"ID7223","background"
"ID7233","signal"
"ID7243","background"
"ID7269","background"
"ID7279","background"
"ID7287","background"
"ID7324","background"
"ID7333","background"
"ID7343","background"
"ID7346","signal"
"ID7369","background"
"ID7393","background"
"ID7394","signal"
"ID7421","background"
"ID7442","background"
"ID7468","background"
"ID7478","background"
"ID7495","background"
"ID7527","background"
"ID7541","background"
"ID7548","background"
"ID7570","background"
"ID7604","background"
"ID7621","background"
"ID7636","background"
"ID7638","background"
"ID7651","background"
"ID7663","background"
"ID7680","background"
"ID7702","background"
"ID7731","background"
"ID7745","background"
"ID7750","background"
"ID7776","background"
"ID7778","background"
"ID7811","signal"
"ID7831","background"
"ID7851","background"
"ID7862","background"
"ID7890","background"
"ID7927","signal"
"ID7935","background"
"ID7977","background"
"ID7992","signal"
"ID8009","background"
"ID8033","background"
"ID8034","background"
"ID8060","background"
"ID8070","background"
"ID8095","background"
"ID8101","background"
"ID8103","background"
"ID8135","signal"
"ID8137","background"
"ID8162","background"
"ID8187","signal"
"ID8206","background"
"ID8254","signal"
"ID8269","background"
"ID8275","signal"
"ID8286","signal"
"ID8301","background"
"ID8326","background"
"ID8345","background"
"ID8353","background"
"ID8369","background"
"ID8381","background"
"ID8396","background"
"ID8397","background"
"ID8482","signal"
"ID8484","background"
"ID8497","background"
"ID8499","background"
"ID8524","background"
"ID8548","background"
"ID8554","background"
"ID8576","signal"
"ID8578","background"
"ID8581","background"
"ID8633","background"
"ID8650","background"
"ID8800","background"
"ID8824","signal"
"ID8869","background"
"ID8886","background"
"ID8906","background"
"ID8907","background"
"ID8909","background"
"ID8915","background"
"ID8916","signal"
"ID8944","background"
"ID8946","background"
"ID8975","background"
"ID8986","background"
"ID9001","signal"
"ID9015","background"
"ID9043","background"
"ID9057","background"
"ID9062","background"
"ID9088","signal"
"ID9095","signal"
"ID9100","background"
"ID9120","background"
"ID9149","signal"
"ID9156","background"
"ID9158","signal"
"ID9170","signal"
"ID9179","background"
"ID9181","background"
"ID9191","background"
"ID9195","background"
"ID9231","background"
"ID9338","background"
"ID9379","signal"
"ID9400","background"
"ID9424","background"
"ID9432","background"
"ID9449","background"
"ID9467","background"
"ID9472","background"
"ID9513","background"
"ID9525","background"
"ID9542","background"
"ID9552","background"
"ID9573","signal"
"ID9583","background"
"ID9660","background"
"ID9664","signal"
"ID9667","background"
"ID9694","signal"
"ID9699","background"
"ID9703","background"
"ID9722","background"
"ID9737","background"
"ID9750","background"
"ID9897","background"
"ID9898","background"
"ID9901","background"
"ID9906","background"
"ID9932","background"
"ID9939","background"
"ID9950","background"
"ID9953","background"
"ID9962","background"
"ID9992","background"
"ID9998","background"
"ID10017","background"
"ID10020","background"
"ID10056","background"
"ID10159","background"
"ID10169","background"
"ID10174","background"
"ID10176","background"
"ID10193","signal"
"ID10202","background"
"ID10215","background"
"ID10218","signal"
"ID10221","signal"
"ID10250","background"
"ID10256","signal"
"ID10262","background"
"ID10267","background"
"ID10275","signal"
"ID10279","background"
"ID10283","background"
"ID10303","background"
"ID10313","background"
"ID10323","background"
"ID10343","background"
"ID10346","background"
"ID10349","background"
"ID10380","background"
"ID10381","background"
"ID10403","background"
"ID10404","background"
"ID10446","background"
"ID10476","background"
"ID10477","background"
"ID10484","background"
"ID10500","background"
"ID10506","background"
"ID10527","background"
"ID10531","background"
"ID10543","signal"
"ID10568","background"
"ID10601","background"
"ID10606","background"
"ID10620","background"
"ID10626","background"
"ID10629","background"
"ID10647","background"
"ID10681","background"
"ID10691","background"
"ID10694","background"
"ID10755","background"
"ID10757","background"
"ID10796","background"
"ID10840","background"
"ID10863","background"
"ID10930","background"
"ID10938","background"
"ID10949","background"
"ID10955","background"
"ID10962","background"
"ID10985","background"
"ID11007","signal"
"ID11011","background"
"ID11020","background"
"ID11048","background"
"ID11091","background"
"ID11105","background"
"ID11111","background"
"ID11126","signal"
"ID11159","background"
"ID11220","background"
"ID11229","background"
"ID11255","background"
"ID11295","signal"
"ID11312","background"
"ID11351","background"
"ID11372","background"
"ID11413","background"
"ID11435","background"
"ID11445","background"
"ID11447","background"
"ID11449","background"
"ID11474","background"
"ID11489","signal"
"ID11494","background"
"ID11515","background"
"ID11530","background"
"ID11531","signal"
"ID11580","signal"
"ID11591","background"
"ID11596","background"
"ID11613","background"
"ID11618","background"
"ID11619","background"
"ID11621","signal"
"ID11631","background"
"ID11656","background"
"ID11698","background"
"ID11723","background"
"ID11732","background"
"ID11748","background"
"ID11757","background"
"ID11803","background"
"ID11816","background"
"ID11827","signal"
"ID11833","background"
"ID11839","background"
"ID11853","signal"
"ID11885","background"
"ID11890","background"
"ID11898","background"
"ID11899","background"
"ID11907","background"
"ID11918","background"
"ID11921","background"
"ID11995","background"
"ID12009","background"
"ID12026","background"
"ID12049","background"
"ID12075","background"
"ID12085","background"
"ID12100","background"
"ID12107","signal"
"ID12137","background"
"ID12140","background"
"ID12142","signal"
"ID12188","background"
"ID12216","signal"
"ID12231","background"
"ID12239","background"
"ID12243","background"
"ID12250","background"
"ID12257","background"
"ID12263","signal"
"ID12268","signal"
"ID12273","signal"
"ID12297","background"
"ID12352","background"
"ID12378","background"
"ID12385","background"
"ID12394","background"
"ID12452","background"
"ID12453","background"
"ID12478","background"
"ID12525","background"
"ID12526","background"
"ID12530","signal"
"ID12531","background"
"ID12542","background"
"ID12547","background"
"ID12563","background"
"ID12572","background"
"ID12601","background"
"ID12633","background"
"ID12638","background"
"ID12643","background"
"ID12649","background"
"ID12655","background"
"ID12677","background"
"ID12688","background"
"ID12693","background"
"ID12748","background"
"ID12762","background"
"ID12789","background"
"ID12815","background"
"ID12827","background"
"ID12834","background"
"ID12858","background"
"ID12865","background"
"ID12897","background"
"ID12915","background"
"ID12926","background"
"ID12970","background"
"ID12986","background"
"ID12990","background"
"ID13034","background"
"ID13039","background"
"ID13047","background"
"ID13067","signal"
"ID13079","background"
"ID13091","background"
"ID13108","background"
"ID13134","background"
"ID13192","background"
"ID13207","background"
"ID13219","background"
"ID13263","background"
"ID13268","background"
"ID13302","signal"
"ID13335","signal"
"ID13350","background"
"ID13377","signal"
"ID13417","background"
"ID13421","signal"
"ID13434","background"
"ID13440","background"
"ID13451","background"
"ID13464","background"
"ID13488","background"
"ID13491","background"
"ID13547","background"
"ID13549","background"
"ID13554","background"
"ID13570","signal"
"ID13584","background"
"ID13596","background"
"ID13609","background"
"ID13617","background"
"ID13619","background"
"ID13654","background"
"ID13658","background"
"ID13716","background"
"ID13728","background"
"ID13760","background"
"ID13778","background"
"ID13783","background"
"ID13785","signal"
"ID13807","background"
"ID13830","background"
"ID13878","background"
"ID13880","signal"
"ID13890","background"
"ID13891","background"
"ID13901","background"
"ID13924","background"
"ID13934","background"
"ID13946","background"
"ID13965","background"
"ID13969","background"
"ID13974","background"
"ID14035","background"
"ID14037","background"
"ID14044","background"
"ID14085","background"
"ID14107","background"
"ID14111","signal"
"ID14147","background"
"ID14149","signal"
"ID14158","background"
"ID14172","background"
"ID14183","signal"
"ID14223","background"
"ID14237","background"
"ID14243","background"
"ID14248","background"
"ID14254","background"
"ID14258","background"
"ID14259","background"
"ID14266","background"
"ID14318","background"
"ID14345","background"
"ID14368","background"
"ID14384","background"
"ID14393","background"
"ID14396","signal"
"ID14416","signal"
"ID14438","background"
"ID14456","background"
"ID14466","background"
"ID14475","background"
"ID14476","background"
"ID14478","background"
"ID14480","background"
"ID14487","signal"
"ID14524","background"
"ID14526","background"
"ID14535","background"
"ID14553","background"
"ID14558","background"
"ID14568","background"
"ID14638","background"
"ID14647","background"
"ID14661","background"
"ID14674","background"
"ID14687","background"
"ID14752","background"
"ID14754","background"
"ID14812","background"
"ID14848","signal"
"ID14849","background"
"ID14853","background"
"ID14863","background"
"ID14894","background"
"ID14918","background"
"ID14924","background"
"ID14983","signal"
"ID15002","background"
"ID15076","background"
"ID15107","background"
"ID15113","background"
"ID15157","background"
"ID15197","signal"
"ID15211","signal"
"ID15221","background"
"ID15226","background"
"ID15254","background"
"ID15314","background"
"ID15364","background"
"ID15393","signal"
"ID15404","background"
"ID15409","background"
"ID15410","background"
"ID15411","signal"
"ID15420","background"
"ID15440","background"
"ID15447","background"
"ID15464","signal"
"ID15488","background"
"ID15508","background"
"ID15550","background"
"ID15561","background"
"ID15612","background"
"ID15621","background"
"ID15623","background"
"ID15682","background"
"ID15718","signal"
"ID15778","background"
"ID15783","background"
"ID15797","background"
"ID15803","background"
"ID15812","signal"
"ID15813","signal"
"ID15847","background"
"ID15880","background"
"ID15884","background"
"ID15916","signal"
"ID15925","background"
"ID15947","background"
"ID15988","background"
"ID15997","background"
"ID15998","background"
"ID16039","background"
"ID16042","background"
"ID16058","signal"
"ID16074","signal"
"ID16077","background"
"ID16104","background"
"ID16105","background"
"ID16124","background"
"ID16129","background"
"ID16159","background"
"ID16212","background"
"ID16226","background"
"ID16240","background"
"ID16270","background"
"ID16279","background"
"ID16311","signal"
"ID16356","background"
"ID16359","signal"
"ID16362","background"
"ID16400","background"
"ID16426","signal"
"ID16449","background"
"ID16455","background"
"ID16472","signal"
"ID16485","signal"
"ID16487","background"
"ID16507","background"
"ID16516","signal"
"ID16527","background"
"ID16528","background"
"ID16544","background"
"ID16566","background"
"ID16615","background"
"ID16621","background"
"ID16651","background"
"ID16653","background"
"ID16670","signal"
"ID16689","background"
"ID16700","background"
"ID16714","signal"
"ID16720","background"
"ID16763","signal"
"ID16765","background"
"ID16767","background"
"ID16791","signal"
"ID16811","background"
"ID16844","background"
"ID16875","background"
"ID16888","background"
"ID16894","background"
"ID16895","background"
"ID16930","background"
"ID16942","background"
"ID16944","background"
"ID16949","background"
"ID16967","background"
"ID16968","background"
"ID16973","background"
"ID16988","background"
"ID16992","background"
"ID17007","background"
"ID17041","background"
"ID17048","background"
"ID17050","background"
"ID17064","background"
"ID17115","background"
"ID17153","signal"
"ID17264","background"
"ID17286","background"
"ID17319","background"
"ID17392","background"
"ID17416","background"
"ID17471","background"
"ID17473","background"
"ID17475","signal"
"ID17478","background"
"ID17483","background"
"ID17525","background"
"ID17549","background"
"ID17555","background"
"ID17592","background"
"ID17606","background"
"ID17621","background"
"ID17630","signal"
"ID17634","background"
"ID17661","background"
"ID17667","background"
"ID17723","background"
"ID17773","background"
"ID17816","background"
"ID17842","background"
"ID17945","background"
"ID17951","background"
"ID17957","signal"
"ID17985","background"
"ID18001","background"
"ID18004","signal"
"ID18025","background"
"ID18044","background"
"ID18058","background"
"ID18076","background"
"ID18116","background"
"ID18132","background"
"ID18146","signal"
"ID18153","background"
"ID18157","background"
"ID18211","background"
"ID18232","background"
"ID18239","background"
"ID18253","signal"
"ID18373","background"
"ID18489","signal"
"ID18562","background"
"ID18590","background"
"ID18595","signal"
"ID18616","background"
"ID18636","background"
"ID18684","background"
"ID18741","background"
"ID18753","background"
"ID18763","background"
"ID18816","background"
"ID18834","background"
"ID18846","background"
"ID18872","background"
"ID18920","background"
"ID18962","background"
"ID18997","background"
"ID19009","background"
"ID19042","background"
"ID19095","signal"
"ID19117","background"
"ID19118","background"
"ID19134","background"
"ID19156","background"
"ID19182","signal"
"ID19194","background"
"ID19227","background"
"ID19237","background"
"ID19244","background"
"ID19273","background"
"ID19280","signal"
"ID19291","background"
"ID19293","background"
"ID19325","background"
"ID19337","signal"
"ID19340","signal"
"ID19350","background"
"ID19358","signal"
"ID19362","background"
"ID19364","background"
"ID19367","background"
"ID19370","background"
"ID19397","background"
"ID19458","signal"
"ID19506","background"
"ID19535","background"
"ID19537","signal"
"ID19553","background"
"ID19568","background"
"ID19588","background"
"ID19630","signal"
"ID19641","background"
"ID19673","signal"
"ID19680","background"
"ID19681","signal"
"ID19697","background"
"ID19734","background"
"ID19754","background"
"ID19798","signal"
"ID19808","background"
"ID19815","background"
"ID19821","background"
"ID19836","background"
"ID19838","signal"
"ID19839","background"
"ID19863","background"
"ID19864","background"
"ID19865","background"
"ID19876","background"
"ID19915","signal"
"ID19932","background"
"ID19940","background"
"ID19949","background"
"ID19957","signal"
